[
    {
        "value": "Pepperoni",
        "synonyms": [
            "Pepperoni",
            "1"
        ]
    },
    {
        "value": "Salami",
        "synonyms": [
            "Salami",
            "2"
        ]
    },
    {
        "value": "Hawaiana",
        "synonyms": [
            "Hawaiana",
            "3"
        ]
    },
    {
        "value": "Margherita",
        "synonyms": [
            "Margherita",
            "4"
        ]
    },
    {
        "value": "Jamon",
        "synonyms": [
            "Jamon",
            "5"
        ]
    },
    {
        "value": "Pollo",
        "synonyms": [
            "Pollo",
            "6"
        ]
    },
    {
        "value": "Frutas",
        "synonyms": [
            "Frutas",
            "7"
        ]
    },
    {
        "value": "Suprema",
        "synonyms": [
            "Suprema",
            "8"
        ]
    },
    {
        "value": "Americana",
        "synonyms": [
            "Americana",
            "9"
        ]
    },
    {
        "value": "Meat Lovers",
        "synonyms": [
            "Meat Lovers",
            "10"
        ]
    },
    {
        "value": "Vegetariana",
        "synonyms": [
            "Vegetariana",
            "11"
        ]
    },
    {
        "value": "Alemana",
        "synonyms": [
            "Alemana",
            "12"
        ]
    },
    {
        "value": "Continental",
        "synonyms": [
            "Continental",
            "13"
        ]
    },
    {
        "value": "Suprema",
        "synonyms": [
            "Suprema",
            "14"
        ]
    }
]