[
    {
        "value": "Hola",
        "synonyms": [
            "Hola",
            "cuanto cuesta",
            "que vendes",
            "quiero comer"
        ]
    },
    {
        "value": "Buenos días",
        "synonyms": [
            "Buenos días",
            "Buen día",
            "Hola, buenos días",
            "Hola, buen día",
            "Hola buenos días",
            "Hola buen día"
        ]
    },
    {
        "value": "Buenas tardes",
        "synonyms": [
            "Buenas tardes",
            "Hola, buenas tardes",
            "Hola buenas tardes"
        ]
    },
    {
        "value": "Buenas noches",
        "synonyms": [
            "Buenas noches",
            "Hola, buenas noches",
            "Hola buenas noches"
        ]
    }
]