[
    {
        "value": "pequeña",
        "synonyms": [
            "pequeña",
            "pequeño",
            "reducido",
            "chico",
            "reducida",
            "chica",
            "1.0"
        ]
    },
    {
        "value": "mediana",
        "synonyms": [
            "mediana",
            "2"
        ]
    },
    {
        "value": "normal",
        "synonyms": [
            "normal",
            "3"
        ]
    },
    {
        "value": "familiar",
        "synonyms": [
            "familiar",
            "regular",
            "4"
        ]
    },
    {
        "value": "grande",
        "synonyms": [
            "grande",
            "5"
        ]
    }
]