[
    {
        "data": [
            {
                "text": "pequeña",
                "alias": "tamanoEsp",
                "meta": "@tamanoEsp",
                "userDefined": true
            },
            {
                "text": " ",
                "userDefined": false
            }
        ],
        "isTemplate": false,
        "count": 0
    },
    {
        "data": [
            {
                "text": "mediana",
                "alias": "tamanoEsp",
                "meta": "@tamanoEsp",
                "userDefined": true
            },
            {
                "text": " ",
                "userDefined": false
            }
        ],
        "isTemplate": false,
        "count": 0
    }
]