[
    {
        "data": [
            {
                "text": "al",
                "userDefined": false
            },
            {
                "text": " ",
                "userDefined": false
            },
            {
                "text": "contado",
                "alias": "formaPago",
                "meta": "@formaPago",
                "userDefined": true
            },
            {
                "text": " ",
                "userDefined": false
            }
        ],
        "isTemplate": false,
        "count": 0
    },
    {
        "data": [
            {
                "text": "contado",
                "alias": "formaPago",
                "meta": "@formaPago",
                "userDefined": true
            },
            {
                "text": " ",
                "userDefined": false
            }
        ],
        "isTemplate": false,
        "count": 0
    },
    {
        "data": [
            {
                "text": "1",
                "alias": "formaPago",
                "meta": "@formaPago",
                "userDefined": true
            },
            {
                "text": " ",
                "userDefined": false
            }
        ],
        "isTemplate": false,
        "count": 0
    }
]