[
    {
        "data": [
            {
                "text": "no cuento",
                "userDefined": false
            }
        ],
        "isTemplate": false,
        "count": 0
    },
    {
        "data": [
            {
                "text": "no",
                "userDefined": false
            }
        ],
        "isTemplate": false,
        "count": 0
    },
    {
        "data": [
            {
                "text": "no tengo",
                "userDefined": false
            }
        ],
        "isTemplate": false,
        "count": 0
    }
]