[
    {
        "data": [
            {
                "text": "10",
                "alias": "number",
                "meta": "@sys.number",
                "userDefined": true
            },
            {
                "text": " ",
                "userDefined": false
            }
        ],
        "isTemplate": false,
        "count": 0
    },
    {
        "data": [
            {
                "text": "100",
                "alias": "number",
                "meta": "@sys.number",
                "userDefined": true
            },
            {
                "text": " ",
                "userDefined": false
            }
        ],
        "isTemplate": false,
        "count": 0
    },
    {
        "data": [
            {
                "text": "1000",
                "alias": "number",
                "meta": "@sys.number",
                "userDefined": true
            },
            {
                "text": " ",
                "userDefined": false
            }
        ],
        "isTemplate": false,
        "count": 0
    }
]