[
    {
        "data": [
            {
                "text": "no deseo ASERVIC",
                "userDefined": false
            }
        ],
        "isTemplate": false,
        "count": 0
    },
    {
        "data": [
            {
                "text": "no deseo",
                "userDefined": false
            }
        ],
        "isTemplate": false,
        "count": 0
    },
    {
        "data": [
            {
                "text": "no",
                "userDefined": false
            }
        ],
        "isTemplate": false,
        "count": 0
    },
    {
        "data": [
            {
                "text": "no quiero",
                "userDefined": false
            }
        ],
        "isTemplate": false,
        "count": 0
    }
]