[
    {
        "data": [
            {
                "text": "eres un\n  robot",
                "userDefined": false
            }
        ],
        "isTemplate": false,
        "count": 0
    },
    {
        "data": [
            {
                "text": "identificate",
                "userDefined": false
            }
        ],
        "isTemplate": false,
        "count": 0
    },
    {
        "data": [
            {
                "text": "eres\n  humano",
                "userDefined": false
            }
        ],
        "isTemplate": false,
        "count": 0
    },
    {
        "data": [
            {
                "text": "quien\n  eres",
                "userDefined": false
            }
        ],
        "isTemplate": false,
        "count": 0
    },
    {
        "data": [
            {
                "text": "eres un\n  robot?",
                "userDefined": false
            }
        ],
        "isTemplate": false,
        "count": 0
    },
    {
        "data": [
            {
                "text": "identificate?",
                "userDefined": false
            }
        ],
        "isTemplate": false,
        "count": 0
    },
    {
        "data": [
            {
                "text": "eres\n  humano?",
                "userDefined": false
            }
        ],
        "isTemplate": false,
        "count": 0
    },
    {
        "data": [
            {
                "text": "quien\n  eres?",
                "userDefined": false
            }
        ],
        "isTemplate": false,
        "count": 0
    },
    {
        "data": [
            {
                "text": "quien es",
                "userDefined": false
            }
        ],
        "isTemplate": false,
        "count": 0
    }
]