[
    {
        "data": [
            {
                "text": "factura",
                "alias": "comprobante",
                "meta": "@comprobante",
                "userDefined": true
            },
            {
                "text": " ",
                "userDefined": false
            }
        ],
        "isTemplate": false,
        "count": 0
    },
    {
        "data": [
            {
                "text": "con",
                "userDefined": false
            },
            {
                "text": " ",
                "userDefined": false
            },
            {
                "text": "factura",
                "alias": "comprobante",
                "meta": "@comprobante",
                "userDefined": true
            },
            {
                "text": " ",
                "userDefined": false
            }
        ],
        "isTemplate": false,
        "count": 0
    },
    {
        "data": [
            {
                "text": "2",
                "alias": "comprobante",
                "meta": "@comprobante",
                "userDefined": true
            },
            {
                "text": " ",
                "userDefined": false
            }
        ],
        "isTemplate": false,
        "count": 0
    }
]