[
    {
        "data": [
            {
                "text": "MULTISERVICIOS NOAYA EMPRESA INDIVIDUAL DE RESPONSABILIDAD LIMITADA - MULTISERVICIOS NOAYA E.I.R.L. 20542806886",
                "alias": "any",
                "meta": "@sys.any",
                "userDefined": true
            },
            {
                "text": " ",
                "userDefined": false
            }
        ],
        "isTemplate": false,
        "count": 0
    },
    {
        "data": [
            {
                "text": "J LAM E.I.R.L. 20451071913",
                "alias": "any",
                "meta": "@sys.any",
                "userDefined": true
            },
            {
                "text": " ",
                "userDefined": false
            }
        ],
        "isTemplate": false,
        "count": 0
    },
    {
        "data": [
            {
                "text": "SNACKS AMERICA LATINA S.R.L. 20297182456",
                "alias": "any",
                "meta": "@sys.any",
                "userDefined": true
            },
            {
                "text": " ",
                "userDefined": false
            }
        ],
        "isTemplate": false,
        "count": 0
    },
    {
        "data": [
            {
                "text": "EURO MOTORS S.A 20168544252",
                "alias": "any",
                "meta": "@sys.any",
                "userDefined": true
            },
            {
                "text": " ",
                "userDefined": false
            }
        ],
        "isTemplate": false,
        "count": 0
    },
    {
        "data": [
            {
                "text": "EMPRESA ADMINISTRADORA CHUNGAR S.A.C. 20100025591",
                "alias": "any",
                "meta": "@sys.any",
                "userDefined": true
            },
            {
                "text": " ",
                "userDefined": false
            }
        ],
        "isTemplate": false,
        "count": 0
    }
]