[
    {
        "data": [
            {
                "text": "ubicacion",
                "alias": "any",
                "meta": "@sys.any",
                "userDefined": true
            },
            {
                "text": " ",
                "userDefined": false
            }
        ],
        "isTemplate": false,
        "count": 0
    },
    {
        "data": [
            {
                "text": "es",
                "userDefined": false
            },
            {
                "text": " ",
                "userDefined": false
            },
            {
                "text": "ubicacion",
                "alias": "any",
                "meta": "@sys.any",
                "userDefined": true
            },
            {
                "text": " ",
                "userDefined": false
            }
        ],
        "isTemplate": false,
        "count": 0
    }
]