[
    {
        "data": [
            {
                "text": "adios",
                "alias": "despedida",
                "meta": "@despedida",
                "userDefined": true
            },
            {
                "text": " ",
                "userDefined": false
            }
        ],
        "isTemplate": false,
        "count": 0
    },
    {
        "data": [
            {
                "text": "hasta pronto",
                "alias": "despedida",
                "meta": "@despedida",
                "userDefined": true
            },
            {
                "text": " ",
                "userDefined": false
            }
        ],
        "isTemplate": false,
        "count": 0
    },
    {
        "data": [
            {
                "text": "bye",
                "alias": "despedida",
                "meta": "@despedida",
                "userDefined": true
            },
            {
                "text": " ",
                "userDefined": false
            }
        ],
        "isTemplate": false,
        "count": 0
    },
    {
        "data": [
            {
                "text": "nos vemos",
                "alias": "despedida",
                "meta": "@despedida",
                "userDefined": true
            },
            {
                "text": " ",
                "userDefined": false
            }
        ],
        "isTemplate": false,
        "count": 0
    },
    {
        "data": [
            {
                "text": "gracias",
                "alias": "despedida",
                "meta": "@despedida",
                "userDefined": true
            },
            {
                "text": " ",
                "userDefined": false
            }
        ],
        "isTemplate": false,
        "count": 0
    },
    {
        "data": [
            {
                "text": "Gracias a Ud.",
                "alias": "despedida",
                "meta": "@despedida",
                "userDefined": true
            },
            {
                "text": " ",
                "userDefined": false
            }
        ],
        "isTemplate": false,
        "count": 0
    }
]