[
    {
        "data": [
            {
                "text": "si cuento",
                "userDefined": false
            }
        ],
        "isTemplate": false,
        "count": 0
    },
    {
        "data": [
            {
                "text": "si",
                "userDefined": false
            }
        ],
        "isTemplate": false,
        "count": 0
    },
    {
        "data": [
            {
                "text": "por supuesto",
                "userDefined": false
            }
        ],
        "isTemplate": false,
        "count": 0
    }
]