[
    {
        "data": [
            {
                "text": "pilar lucia diaz ruiz",
                "alias": "given-name",
                "meta": "@sys.given-name",
                "userDefined": true
            },
            {
                "text": " ",
                "userDefined": false
            }
        ],
        "isTemplate": false,
        "count": 0
    },
    {
        "data": [
            {
                "text": "juan jose alfaro serrano",
                "alias": "given-name",
                "meta": "@sys.given-name",
                "userDefined": true
            },
            {
                "text": " ",
                "userDefined": false
            }
        ],
        "isTemplate": false,
        "count": 0
    },
    {
        "data": [
            {
                "text": "jose antonio perez gimenez",
                "alias": "given-name",
                "meta": "@sys.given-name",
                "userDefined": true
            },
            {
                "text": " ",
                "userDefined": false
            }
        ],
        "isTemplate": false,
        "count": 0
    },
    {
        "data": [
            {
                "text": "maria",
                "alias": "given-name",
                "meta": "@sys.given-name",
                "userDefined": true
            },
            {
                "text": " ",
                "userDefined": false
            },
            {
                "text": "garcia martinez",
                "alias": "last-name",
                "meta": "@sys.last-name",
                "userDefined": true
            },
            {
                "text": " ",
                "userDefined": false
            }
        ],
        "isTemplate": false,
        "count": 0
    }
]